"","item1","item2","jsd"
"1","album_bad_terrible","album_bad_terrible",0.284125505084189
"2","album_disliked_hated","album_bad_terrible",0.812480868076788
"3","album_good_excellent","album_bad_terrible",0.536515449711469
"4","album_liked_loved","album_bad_terrible",0.81260030668232
"5","album_memorable_unforgettable","album_bad_terrible",0.721420405922967
"6","album_special_unique","album_bad_terrible",0.729600986713174
"7","book_bad_terrible","album_bad_terrible",0.46810343345662
"8","book_disliked_hated","album_bad_terrible",0.824783589862041
"9","book_good_excellent","album_bad_terrible",0.558113354444474
"10","book_liked_loved","album_bad_terrible",0.822253724844352
"11","book_memorable_unforgettable","album_bad_terrible",0.702963848583365
"12","book_special_unique","album_bad_terrible",0.742951522134736
"13","game_bad_terrible","album_bad_terrible",0.441194829747289
"14","game_disliked_hated","album_bad_terrible",0.815004430132771
"15","game_good_excellent","album_bad_terrible",0.560672335973614
"16","game_liked_loved","album_bad_terrible",0.803835056889964
"17","game_memorable_unforgettable","album_bad_terrible",0.702686177866915
"18","game_special_unique","album_bad_terrible",0.71202880896237
"19","movie_bad_terrible","album_bad_terrible",0.439371338403593
"20","movie_disliked_hated","album_bad_terrible",0.79921244595739
"21","movie_good_excellent","album_bad_terrible",0.522035005043449
"22","movie_liked_loved","album_bad_terrible",0.801291440338795
"23","movie_memorable_unforgettable","album_bad_terrible",0.692533475309202
"24","movie_special_unique","album_bad_terrible",0.693139017707713
"25","play_bad_terrible","album_bad_terrible",0.45495314928014
"26","play_disliked_hated","album_bad_terrible",0.806553665276379
"27","play_good_excellent","album_bad_terrible",0.516109034584435
"28","play_liked_loved","album_bad_terrible",0.806590335824783
"29","play_memorable_unforgettable","album_bad_terrible",0.679972656501417
"30","play_special_unique","album_bad_terrible",0.720574582289423
"31","restaurant_bad_terrible","album_bad_terrible",0.433869551158721
"32","restaurant_disliked_hated","album_bad_terrible",0.82501258565275
"33","restaurant_good_excellent","album_bad_terrible",0.526702660576118
"34","restaurant_liked_loved","album_bad_terrible",0.81703778841012
"35","restaurant_memorable_unforgettable","album_bad_terrible",0.709674061827283
"36","restaurant_special_unique","album_bad_terrible",0.723117224844043
"37","album_bad_terrible","album_disliked_hated",0.812480868076788
"38","album_disliked_hated","album_disliked_hated",0.212931374450861
"39","album_good_excellent","album_disliked_hated",0.808351884444401
"40","album_liked_loved","album_disliked_hated",0.484782169862727
"41","album_memorable_unforgettable","album_disliked_hated",0.822921178042317
"42","album_special_unique","album_disliked_hated",0.821673476120749
"43","book_bad_terrible","album_disliked_hated",0.811586945410381
"44","book_disliked_hated","album_disliked_hated",0.370412685611516
"45","book_good_excellent","album_disliked_hated",0.807763738450512
"46","book_liked_loved","album_disliked_hated",0.435731699555199
"47","book_memorable_unforgettable","album_disliked_hated",0.820465987692448
"48","book_special_unique","album_disliked_hated",0.825797195402526
"49","game_bad_terrible","album_disliked_hated",0.813330341017893
"50","game_disliked_hated","album_disliked_hated",0.342061483454105
"51","game_good_excellent","album_disliked_hated",0.806208897200682
"52","game_liked_loved","album_disliked_hated",0.462606288336532
"53","game_memorable_unforgettable","album_disliked_hated",0.822433934223001
"54","game_special_unique","album_disliked_hated",0.821080928734138
"55","movie_bad_terrible","album_disliked_hated",0.800169101591975
"56","movie_disliked_hated","album_disliked_hated",0.355157649011414
"57","movie_good_excellent","album_disliked_hated",0.808454547504447
"58","movie_liked_loved","album_disliked_hated",0.476269419234407
"59","movie_memorable_unforgettable","album_disliked_hated",0.82079048671971
"60","movie_special_unique","album_disliked_hated",0.817706203184389
"61","play_bad_terrible","album_disliked_hated",0.807041624520565
"62","play_disliked_hated","album_disliked_hated",0.347549306680346
"63","play_good_excellent","album_disliked_hated",0.80903841030347
"64","play_liked_loved","album_disliked_hated",0.457529317685647
"65","play_memorable_unforgettable","album_disliked_hated",0.816786982879637
"66","play_special_unique","album_disliked_hated",0.818709154235364
"67","restaurant_bad_terrible","album_disliked_hated",0.810111296625669
"68","restaurant_disliked_hated","album_disliked_hated",0.353038209891897
"69","restaurant_good_excellent","album_disliked_hated",0.807077438911693
"70","restaurant_liked_loved","album_disliked_hated",0.502064107938101
"71","restaurant_memorable_unforgettable","album_disliked_hated",0.814213467208217
"72","restaurant_special_unique","album_disliked_hated",0.814545340667594
"73","album_bad_terrible","album_good_excellent",0.536515449711469
"74","album_disliked_hated","album_good_excellent",0.808351884444401
"75","album_good_excellent","album_good_excellent",0.314078924189361
"76","album_liked_loved","album_good_excellent",0.817350047901405
"77","album_memorable_unforgettable","album_good_excellent",0.687645841646857
"78","album_special_unique","album_good_excellent",0.694656375040078
"79","book_bad_terrible","album_good_excellent",0.54190020888655
"80","book_disliked_hated","album_good_excellent",0.825926114159554
"81","book_good_excellent","album_good_excellent",0.486798054385505
"82","book_liked_loved","album_good_excellent",0.824328519751028
"83","book_memorable_unforgettable","album_good_excellent",0.680995259926416
"84","book_special_unique","album_good_excellent",0.734847097932775
"85","game_bad_terrible","album_good_excellent",0.535018064095079
"86","game_disliked_hated","album_good_excellent",0.811608721620701
"87","game_good_excellent","album_good_excellent",0.475134169490498
"88","game_liked_loved","album_good_excellent",0.811189636544697
"89","game_memorable_unforgettable","album_good_excellent",0.685097679911234
"90","game_special_unique","album_good_excellent",0.691201497578221
"91","movie_bad_terrible","album_good_excellent",0.518348181802583
"92","movie_disliked_hated","album_good_excellent",0.786495059958464
"93","movie_good_excellent","album_good_excellent",0.437804231802998
"94","movie_liked_loved","album_good_excellent",0.809034714732112
"95","movie_memorable_unforgettable","album_good_excellent",0.677781418840715
"96","movie_special_unique","album_good_excellent",0.670582532551208
"97","play_bad_terrible","album_good_excellent",0.511527130517293
"98","play_disliked_hated","album_good_excellent",0.791964681111206
"99","play_good_excellent","album_good_excellent",0.468436436406677
"100","play_liked_loved","album_good_excellent",0.807260364950398
"101","play_memorable_unforgettable","album_good_excellent",0.659805968693129
"102","play_special_unique","album_good_excellent",0.700539562817728
"103","restaurant_bad_terrible","album_good_excellent",0.540485137354081
"104","restaurant_disliked_hated","album_good_excellent",0.824768150039968
"105","restaurant_good_excellent","album_good_excellent",0.447971743585442
"106","restaurant_liked_loved","album_good_excellent",0.818780585020142
"107","restaurant_memorable_unforgettable","album_good_excellent",0.675301332964988
"108","restaurant_special_unique","album_good_excellent",0.690503416287412
"109","album_bad_terrible","album_liked_loved",0.81260030668232
"110","album_disliked_hated","album_liked_loved",0.484782169862727
"111","album_good_excellent","album_liked_loved",0.817350047901405
"112","album_liked_loved","album_liked_loved",0.22919071165629
"113","album_memorable_unforgettable","album_liked_loved",0.819234793936272
"114","album_special_unique","album_liked_loved",0.820077984438147
"115","book_bad_terrible","album_liked_loved",0.811608814504162
"116","book_disliked_hated","album_liked_loved",0.41418934530373
"117","book_good_excellent","album_liked_loved",0.81046607229705
"118","book_liked_loved","album_liked_loved",0.346361126775234
"119","book_memorable_unforgettable","album_liked_loved",0.818137379097849
"120","book_special_unique","album_liked_loved",0.818813338831854
"121","game_bad_terrible","album_liked_loved",0.813704053850117
"122","game_disliked_hated","album_liked_loved",0.470368495906404
"123","game_good_excellent","album_liked_loved",0.811629620400797
"124","game_liked_loved","album_liked_loved",0.364628133340697
"125","game_memorable_unforgettable","album_liked_loved",0.817666481095409
"126","game_special_unique","album_liked_loved",0.817353444666505
"127","movie_bad_terrible","album_liked_loved",0.79487332274371
"128","movie_disliked_hated","album_liked_loved",0.47035878977924
"129","movie_good_excellent","album_liked_loved",0.814352880204361
"130","movie_liked_loved","album_liked_loved",0.338619456332041
"131","movie_memorable_unforgettable","album_liked_loved",0.817211575192302
"132","movie_special_unique","album_liked_loved",0.816724824961842
"133","play_bad_terrible","album_liked_loved",0.806944643729619
"134","play_disliked_hated","album_liked_loved",0.440310882961781
"135","play_good_excellent","album_liked_loved",0.814214421983466
"136","play_liked_loved","album_liked_loved",0.376490708686944
"137","play_memorable_unforgettable","album_liked_loved",0.816255606546565
"138","play_special_unique","album_liked_loved",0.817718356225081
"139","restaurant_bad_terrible","album_liked_loved",0.80521763829406
"140","restaurant_disliked_hated","album_liked_loved",0.472456612408221
"141","restaurant_good_excellent","album_liked_loved",0.817311498079602
"142","restaurant_liked_loved","album_liked_loved",0.358446304377151
"143","restaurant_memorable_unforgettable","album_liked_loved",0.813381899725291
"144","restaurant_special_unique","album_liked_loved",0.815696322180205
"145","album_bad_terrible","album_memorable_unforgettable",0.721420405922967
"146","album_disliked_hated","album_memorable_unforgettable",0.822921178042317
"147","album_good_excellent","album_memorable_unforgettable",0.687645841646857
"148","album_liked_loved","album_memorable_unforgettable",0.819234793936272
"149","album_memorable_unforgettable","album_memorable_unforgettable",0.336365462888707
"150","album_special_unique","album_memorable_unforgettable",0.589894866819912
"151","book_bad_terrible","album_memorable_unforgettable",0.711190243438034
"152","book_disliked_hated","album_memorable_unforgettable",0.825689945475082
"153","book_good_excellent","album_memorable_unforgettable",0.676027341878069
"154","book_liked_loved","album_memorable_unforgettable",0.823422391544491
"155","book_memorable_unforgettable","album_memorable_unforgettable",0.511050251816538
"156","book_special_unique","album_memorable_unforgettable",0.623545524067262
"157","game_bad_terrible","album_memorable_unforgettable",0.721423646099992
"158","game_disliked_hated","album_memorable_unforgettable",0.820016896541617
"159","game_good_excellent","album_memorable_unforgettable",0.700465140736666
"160","game_liked_loved","album_memorable_unforgettable",0.81760966777324
"161","game_memorable_unforgettable","album_memorable_unforgettable",0.490074366611898
"162","game_special_unique","album_memorable_unforgettable",0.607951445833752
"163","movie_bad_terrible","album_memorable_unforgettable",0.700738841019935
"164","movie_disliked_hated","album_memorable_unforgettable",0.816437368285135
"165","movie_good_excellent","album_memorable_unforgettable",0.675706662023716
"166","movie_liked_loved","album_memorable_unforgettable",0.811528230131711
"167","movie_memorable_unforgettable","album_memorable_unforgettable",0.501252538728258
"168","movie_special_unique","album_memorable_unforgettable",0.622410074252091
"169","play_bad_terrible","album_memorable_unforgettable",0.706959780317022
"170","play_disliked_hated","album_memorable_unforgettable",0.807510785094246
"171","play_good_excellent","album_memorable_unforgettable",0.696336507574526
"172","play_liked_loved","album_memorable_unforgettable",0.814669749090952
"173","play_memorable_unforgettable","album_memorable_unforgettable",0.498403706059428
"174","play_special_unique","album_memorable_unforgettable",0.625157602798243
"175","restaurant_bad_terrible","album_memorable_unforgettable",0.720743741865994
"176","restaurant_disliked_hated","album_memorable_unforgettable",0.821437805426972
"177","restaurant_good_excellent","album_memorable_unforgettable",0.707605051478842
"178","restaurant_liked_loved","album_memorable_unforgettable",0.816698771613066
"179","restaurant_memorable_unforgettable","album_memorable_unforgettable",0.489439268166799
"180","restaurant_special_unique","album_memorable_unforgettable",0.594531392843993
"181","album_bad_terrible","album_special_unique",0.729600986713174
"182","album_disliked_hated","album_special_unique",0.821673476120749
"183","album_good_excellent","album_special_unique",0.694656375040078
"184","album_liked_loved","album_special_unique",0.820077984438147
"185","album_memorable_unforgettable","album_special_unique",0.589894866819912
"186","album_special_unique","album_special_unique",0.329714077434631
"187","book_bad_terrible","album_special_unique",0.722116627980895
"188","book_disliked_hated","album_special_unique",0.825679010375743
"189","book_good_excellent","album_special_unique",0.683636708050634
"190","book_liked_loved","album_special_unique",0.825779866446351
"191","book_memorable_unforgettable","album_special_unique",0.60625719932302
"192","book_special_unique","album_special_unique",0.503231875860044
"193","game_bad_terrible","album_special_unique",0.73288180758033
"194","game_disliked_hated","album_special_unique",0.820103701936562
"195","game_good_excellent","album_special_unique",0.677097038559583
"196","game_liked_loved","album_special_unique",0.820496466369433
"197","game_memorable_unforgettable","album_special_unique",0.569176330334964
"198","game_special_unique","album_special_unique",0.495660288056138
"199","movie_bad_terrible","album_special_unique",0.719659912377523
"200","movie_disliked_hated","album_special_unique",0.812960918405014
"201","movie_good_excellent","album_special_unique",0.681495923236518
"202","movie_liked_loved","album_special_unique",0.812897587428295
"203","movie_memorable_unforgettable","album_special_unique",0.596324862461594
"204","movie_special_unique","album_special_unique",0.533284781276867
"205","play_bad_terrible","album_special_unique",0.716994261428959
"206","play_disliked_hated","album_special_unique",0.807222632319992
"207","play_good_excellent","album_special_unique",0.701767764117731
"208","play_liked_loved","album_special_unique",0.817248963642353
"209","play_memorable_unforgettable","album_special_unique",0.627634117152566
"210","play_special_unique","album_special_unique",0.512924335772923
"211","restaurant_bad_terrible","album_special_unique",0.731047296115267
"212","restaurant_disliked_hated","album_special_unique",0.82373966745378
"213","restaurant_good_excellent","album_special_unique",0.705038766140311
"214","restaurant_liked_loved","album_special_unique",0.814969354275884
"215","restaurant_memorable_unforgettable","album_special_unique",0.579221160302014
"216","restaurant_special_unique","album_special_unique",0.48573868878415
"217","album_bad_terrible","book_bad_terrible",0.46810343345662
"218","album_disliked_hated","book_bad_terrible",0.811586945410381
"219","album_good_excellent","book_bad_terrible",0.54190020888655
"220","album_liked_loved","book_bad_terrible",0.811608814504162
"221","album_memorable_unforgettable","book_bad_terrible",0.711190243438034
"222","album_special_unique","book_bad_terrible",0.722116627980895
"223","book_bad_terrible","book_bad_terrible",0.310244447203079
"224","book_disliked_hated","book_bad_terrible",0.823855656480232
"225","book_good_excellent","book_bad_terrible",0.524192809101288
"226","book_liked_loved","book_bad_terrible",0.823201507876818
"227","book_memorable_unforgettable","book_bad_terrible",0.682704805545518
"228","book_special_unique","book_bad_terrible",0.734408997227563
"229","game_bad_terrible","book_bad_terrible",0.455984375393997
"230","game_disliked_hated","book_bad_terrible",0.813798797802982
"231","game_good_excellent","book_bad_terrible",0.535619008871511
"232","game_liked_loved","book_bad_terrible",0.804378526454473
"233","game_memorable_unforgettable","book_bad_terrible",0.698826940481533
"234","game_special_unique","book_bad_terrible",0.703103220038166
"235","movie_bad_terrible","book_bad_terrible",0.439348398320383
"236","movie_disliked_hated","book_bad_terrible",0.794054844335692
"237","movie_good_excellent","book_bad_terrible",0.510373130131599
"238","movie_liked_loved","book_bad_terrible",0.800984217259313
"239","movie_memorable_unforgettable","book_bad_terrible",0.669538419803493
"240","movie_special_unique","book_bad_terrible",0.669510686920862
"241","play_bad_terrible","book_bad_terrible",0.458629124155403
"242","play_disliked_hated","book_bad_terrible",0.800155046736967
"243","play_good_excellent","book_bad_terrible",0.507428061861735
"244","play_liked_loved","book_bad_terrible",0.804429821268043
"245","play_memorable_unforgettable","book_bad_terrible",0.652194973504869
"246","play_special_unique","book_bad_terrible",0.711577670947521
"247","restaurant_bad_terrible","book_bad_terrible",0.475237630752595
"248","restaurant_disliked_hated","book_bad_terrible",0.824104884202931
"249","restaurant_good_excellent","book_bad_terrible",0.527484381573341
"250","restaurant_liked_loved","book_bad_terrible",0.815278962870449
"251","restaurant_memorable_unforgettable","book_bad_terrible",0.700494731789284
"252","restaurant_special_unique","book_bad_terrible",0.713976603098442
"253","album_bad_terrible","book_disliked_hated",0.824783589862041
"254","album_disliked_hated","book_disliked_hated",0.370412685611516
"255","album_good_excellent","book_disliked_hated",0.825926114159554
"256","album_liked_loved","book_disliked_hated",0.41418934530373
"257","album_memorable_unforgettable","book_disliked_hated",0.825689945475082
"258","album_special_unique","book_disliked_hated",0.825679010375743
"259","book_bad_terrible","book_disliked_hated",0.823855656480232
"260","book_disliked_hated","book_disliked_hated",0.227992393415965
"261","book_good_excellent","book_disliked_hated",0.820023595675226
"262","book_liked_loved","book_disliked_hated",0.416533831857834
"263","book_memorable_unforgettable","book_disliked_hated",0.825757067785626
"264","book_special_unique","book_disliked_hated",0.825742102989863
"265","game_bad_terrible","book_disliked_hated",0.824129462000377
"266","game_disliked_hated","book_disliked_hated",0.366333714272
"267","game_good_excellent","book_disliked_hated",0.821936780348138
"268","game_liked_loved","book_disliked_hated",0.420932568037468
"269","game_memorable_unforgettable","book_disliked_hated",0.825934276314887
"270","game_special_unique","book_disliked_hated",0.825743248674986
"271","movie_bad_terrible","book_disliked_hated",0.812156233317317
"272","movie_disliked_hated","book_disliked_hated",0.374584014258268
"273","movie_good_excellent","book_disliked_hated",0.826195145908771
"274","movie_liked_loved","book_disliked_hated",0.43684805651167
"275","movie_memorable_unforgettable","book_disliked_hated",0.82591605315532
"276","movie_special_unique","book_disliked_hated",0.825816501474129
"277","play_bad_terrible","book_disliked_hated",0.821289688300875
"278","play_disliked_hated","book_disliked_hated",0.372411162341928
"279","play_good_excellent","book_disliked_hated",0.825350416113757
"280","play_liked_loved","book_disliked_hated",0.433258699280787
"281","play_memorable_unforgettable","book_disliked_hated",0.824471028498288
"282","play_special_unique","book_disliked_hated",0.825759187954591
"283","restaurant_bad_terrible","book_disliked_hated",0.822024195731791
"284","restaurant_disliked_hated","book_disliked_hated",0.370966556262301
"285","restaurant_good_excellent","book_disliked_hated",0.825283166327765
"286","restaurant_liked_loved","book_disliked_hated",0.440499704617706
"287","restaurant_memorable_unforgettable","book_disliked_hated",0.821969148007731
"288","restaurant_special_unique","book_disliked_hated",0.820861083268563
"289","album_bad_terrible","book_good_excellent",0.558113354444474
"290","album_disliked_hated","book_good_excellent",0.807763738450512
"291","album_good_excellent","book_good_excellent",0.486798054385505
"292","album_liked_loved","book_good_excellent",0.81046607229705
"293","album_memorable_unforgettable","book_good_excellent",0.676027341878069
"294","album_special_unique","book_good_excellent",0.683636708050634
"295","book_bad_terrible","book_good_excellent",0.524192809101288
"296","book_disliked_hated","book_good_excellent",0.820023595675226
"297","book_good_excellent","book_good_excellent",0.335857401347312
"298","book_liked_loved","book_good_excellent",0.819423360534664
"299","book_memorable_unforgettable","book_good_excellent",0.650374718315169
"300","book_special_unique","book_good_excellent",0.709615770809655
"301","game_bad_terrible","book_good_excellent",0.550242545203877
"302","game_disliked_hated","book_good_excellent",0.809136000671401
"303","game_good_excellent","book_good_excellent",0.508320309779028
"304","game_liked_loved","book_good_excellent",0.807604724984077
"305","game_memorable_unforgettable","book_good_excellent",0.66647912704219
"306","game_special_unique","book_good_excellent",0.674562263368395
"307","movie_bad_terrible","book_good_excellent",0.521653395586625
"308","movie_disliked_hated","book_good_excellent",0.786551099092481
"309","movie_good_excellent","book_good_excellent",0.473096033990434
"310","movie_liked_loved","book_good_excellent",0.802749042189144
"311","movie_memorable_unforgettable","book_good_excellent",0.650158989654277
"312","movie_special_unique","book_good_excellent",0.643847265075597
"313","play_bad_terrible","book_good_excellent",0.516093576070701
"314","play_disliked_hated","book_good_excellent",0.792021621243901
"315","play_good_excellent","book_good_excellent",0.492590118205882
"316","play_liked_loved","book_good_excellent",0.801381057547923
"317","play_memorable_unforgettable","book_good_excellent",0.631775461281877
"318","play_special_unique","book_good_excellent",0.672270934963559
"319","restaurant_bad_terrible","book_good_excellent",0.569014246574746
"320","restaurant_disliked_hated","book_good_excellent",0.819220344815459
"321","restaurant_good_excellent","book_good_excellent",0.511101450864761
"322","restaurant_liked_loved","book_good_excellent",0.812285609465669
"323","restaurant_memorable_unforgettable","book_good_excellent",0.653596624200192
"324","restaurant_special_unique","book_good_excellent",0.678096121876986
"325","album_bad_terrible","book_liked_loved",0.822253724844352
"326","album_disliked_hated","book_liked_loved",0.435731699555199
"327","album_good_excellent","book_liked_loved",0.824328519751028
"328","album_liked_loved","book_liked_loved",0.346361126775234
"329","album_memorable_unforgettable","book_liked_loved",0.823422391544491
"330","album_special_unique","book_liked_loved",0.825779866446351
"331","book_bad_terrible","book_liked_loved",0.823201507876818
"332","book_disliked_hated","book_liked_loved",0.416533831857834
"333","book_good_excellent","book_liked_loved",0.819423360534664
"334","book_liked_loved","book_liked_loved",0.206726714493798
"335","book_memorable_unforgettable","book_liked_loved",0.825164040842373
"336","book_special_unique","book_liked_loved",0.825100676805169
"337","game_bad_terrible","book_liked_loved",0.823252377018582
"338","game_disliked_hated","book_liked_loved",0.437124917637053
"339","game_good_excellent","book_liked_loved",0.818915496670261
"340","game_liked_loved","book_liked_loved",0.348321385144444
"341","game_memorable_unforgettable","book_liked_loved",0.823911574445194
"342","game_special_unique","book_liked_loved",0.823400387394058
"343","movie_bad_terrible","book_liked_loved",0.807058732268313
"344","movie_disliked_hated","book_liked_loved",0.43583233537486
"345","movie_good_excellent","book_liked_loved",0.82306858898596
"346","movie_liked_loved","book_liked_loved",0.330396107407332
"347","movie_memorable_unforgettable","book_liked_loved",0.825195646382552
"348","movie_special_unique","book_liked_loved",0.82459970013517
"349","play_bad_terrible","book_liked_loved",0.819063474551795
"350","play_disliked_hated","book_liked_loved",0.434594612181168
"351","play_good_excellent","book_liked_loved",0.823449055933169
"352","play_liked_loved","book_liked_loved",0.34187691088634
"353","play_memorable_unforgettable","book_liked_loved",0.822895732963945
"354","play_special_unique","book_liked_loved",0.825862052542489
"355","restaurant_bad_terrible","book_liked_loved",0.818577514501328
"356","restaurant_disliked_hated","book_liked_loved",0.428540615225239
"357","restaurant_good_excellent","book_liked_loved",0.824219966906497
"358","restaurant_liked_loved","book_liked_loved",0.376192438102761
"359","restaurant_memorable_unforgettable","book_liked_loved",0.821222772189447
"360","restaurant_special_unique","book_liked_loved",0.821404261548534
"361","album_bad_terrible","book_memorable_unforgettable",0.702963848583365
"362","album_disliked_hated","book_memorable_unforgettable",0.820465987692448
"363","album_good_excellent","book_memorable_unforgettable",0.680995259926416
"364","album_liked_loved","book_memorable_unforgettable",0.818137379097849
"365","album_memorable_unforgettable","book_memorable_unforgettable",0.511050251816538
"366","album_special_unique","book_memorable_unforgettable",0.60625719932302
"367","book_bad_terrible","book_memorable_unforgettable",0.682704805545518
"368","book_disliked_hated","book_memorable_unforgettable",0.825757067785626
"369","book_good_excellent","book_memorable_unforgettable",0.650374718315169
"370","book_liked_loved","book_memorable_unforgettable",0.825164040842373
"371","book_memorable_unforgettable","book_memorable_unforgettable",0.325350834449654
"372","book_special_unique","book_memorable_unforgettable",0.60708289687041
"373","game_bad_terrible","book_memorable_unforgettable",0.702402061103445
"374","game_disliked_hated","book_memorable_unforgettable",0.816432781454163
"375","game_good_excellent","book_memorable_unforgettable",0.668014311011892
"376","game_liked_loved","book_memorable_unforgettable",0.816524157898254
"377","game_memorable_unforgettable","book_memorable_unforgettable",0.491696205560444
"378","game_special_unique","book_memorable_unforgettable",0.62008276415313
"379","movie_bad_terrible","book_memorable_unforgettable",0.679868472740362
"380","movie_disliked_hated","book_memorable_unforgettable",0.810360785475751
"381","movie_good_excellent","book_memorable_unforgettable",0.652602088804802
"382","movie_liked_loved","book_memorable_unforgettable",0.811999781796651
"383","movie_memorable_unforgettable","book_memorable_unforgettable",0.495362417713724
"384","movie_special_unique","book_memorable_unforgettable",0.620456099745182
"385","play_bad_terrible","book_memorable_unforgettable",0.678204350449001
"386","play_disliked_hated","book_memorable_unforgettable",0.806384816703062
"387","play_good_excellent","book_memorable_unforgettable",0.680745302245838
"388","play_liked_loved","book_memorable_unforgettable",0.811141374809255
"389","play_memorable_unforgettable","book_memorable_unforgettable",0.487627580440408
"390","play_special_unique","book_memorable_unforgettable",0.630645363992512
"391","restaurant_bad_terrible","book_memorable_unforgettable",0.697162464922543
"392","restaurant_disliked_hated","book_memorable_unforgettable",0.82143926606937
"393","restaurant_good_excellent","book_memorable_unforgettable",0.693018382124688
"394","restaurant_liked_loved","book_memorable_unforgettable",0.816439942747569
"395","restaurant_memorable_unforgettable","book_memorable_unforgettable",0.485454210306944
"396","restaurant_special_unique","book_memorable_unforgettable",0.586483265196152
"397","album_bad_terrible","book_special_unique",0.742951522134736
"398","album_disliked_hated","book_special_unique",0.825797195402526
"399","album_good_excellent","book_special_unique",0.734847097932775
"400","album_liked_loved","book_special_unique",0.818813338831854
"401","album_memorable_unforgettable","book_special_unique",0.623545524067262
"402","album_special_unique","book_special_unique",0.503231875860044
"403","book_bad_terrible","book_special_unique",0.734408997227563
"404","book_disliked_hated","book_special_unique",0.825742102989863
"405","book_good_excellent","book_special_unique",0.709615770809655
"406","book_liked_loved","book_special_unique",0.825100676805169
"407","book_memorable_unforgettable","book_special_unique",0.60708289687041
"408","book_special_unique","book_special_unique",0.323692928435946
"409","game_bad_terrible","book_special_unique",0.750278741117883
"410","game_disliked_hated","book_special_unique",0.824679489122379
"411","game_good_excellent","book_special_unique",0.711161710375396
"412","game_liked_loved","book_special_unique",0.819941486901273
"413","game_memorable_unforgettable","book_special_unique",0.591684439673095
"414","game_special_unique","book_special_unique",0.480606409780156
"415","movie_bad_terrible","book_special_unique",0.731499970796816
"416","movie_disliked_hated","book_special_unique",0.822015415495325
"417","movie_good_excellent","book_special_unique",0.720033477369101
"418","movie_liked_loved","book_special_unique",0.814828006012269
"419","movie_memorable_unforgettable","book_special_unique",0.593452379362414
"420","movie_special_unique","book_special_unique",0.524284665752987
"421","play_bad_terrible","book_special_unique",0.742172812583319
"422","play_disliked_hated","book_special_unique",0.815400887837374
"423","play_good_excellent","book_special_unique",0.734777925349962
"424","play_liked_loved","book_special_unique",0.816701246602456
"425","play_memorable_unforgettable","book_special_unique",0.642182125998712
"426","play_special_unique","book_special_unique",0.503980713219865
"427","restaurant_bad_terrible","book_special_unique",0.749095809043556
"428","restaurant_disliked_hated","book_special_unique",0.824560355886392
"429","restaurant_good_excellent","book_special_unique",0.742145092554748
"430","restaurant_liked_loved","book_special_unique",0.815876289098911
"431","restaurant_memorable_unforgettable","book_special_unique",0.609075907219687
"432","restaurant_special_unique","book_special_unique",0.516169002442791
"433","album_bad_terrible","game_bad_terrible",0.441194829747289
"434","album_disliked_hated","game_bad_terrible",0.813330341017893
"435","album_good_excellent","game_bad_terrible",0.535018064095079
"436","album_liked_loved","game_bad_terrible",0.813704053850117
"437","album_memorable_unforgettable","game_bad_terrible",0.721423646099992
"438","album_special_unique","game_bad_terrible",0.73288180758033
"439","book_bad_terrible","game_bad_terrible",0.455984375393997
"440","book_disliked_hated","game_bad_terrible",0.824129462000377
"441","book_good_excellent","game_bad_terrible",0.550242545203877
"442","book_liked_loved","game_bad_terrible",0.823252377018582
"443","book_memorable_unforgettable","game_bad_terrible",0.702402061103445
"444","book_special_unique","game_bad_terrible",0.750278741117883
"445","game_bad_terrible","game_bad_terrible",0.286917285737488
"446","game_disliked_hated","game_bad_terrible",0.816013455936956
"447","game_good_excellent","game_bad_terrible",0.539216632991784
"448","game_liked_loved","game_bad_terrible",0.805326668322131
"449","game_memorable_unforgettable","game_bad_terrible",0.697424872325929
"450","game_special_unique","game_bad_terrible",0.704489464875827
"451","movie_bad_terrible","game_bad_terrible",0.43814014525176
"452","movie_disliked_hated","game_bad_terrible",0.79728555823555
"453","movie_good_excellent","game_bad_terrible",0.52707666266117
"454","movie_liked_loved","game_bad_terrible",0.802435021402722
"455","movie_memorable_unforgettable","game_bad_terrible",0.69125098796266
"456","movie_special_unique","game_bad_terrible",0.69274827836179
"457","play_bad_terrible","game_bad_terrible",0.447408818353745
"458","play_disliked_hated","game_bad_terrible",0.802729557105233
"459","play_good_excellent","game_bad_terrible",0.504970357313266
"460","play_liked_loved","game_bad_terrible",0.800884673699491
"461","play_memorable_unforgettable","game_bad_terrible",0.676984747702519
"462","play_special_unique","game_bad_terrible",0.727111618309179
"463","restaurant_bad_terrible","game_bad_terrible",0.448742518933892
"464","restaurant_disliked_hated","game_bad_terrible",0.82341360722216
"465","restaurant_good_excellent","game_bad_terrible",0.521383803246013
"466","restaurant_liked_loved","game_bad_terrible",0.811455493940788
"467","restaurant_memorable_unforgettable","game_bad_terrible",0.701994247093461
"468","restaurant_special_unique","game_bad_terrible",0.724652548821808
"469","album_bad_terrible","game_disliked_hated",0.815004430132771
"470","album_disliked_hated","game_disliked_hated",0.342061483454105
"471","album_good_excellent","game_disliked_hated",0.811608721620701
"472","album_liked_loved","game_disliked_hated",0.470368495906404
"473","album_memorable_unforgettable","game_disliked_hated",0.820016896541617
"474","album_special_unique","game_disliked_hated",0.820103701936562
"475","book_bad_terrible","game_disliked_hated",0.813798797802982
"476","book_disliked_hated","game_disliked_hated",0.366333714272
"477","book_good_excellent","game_disliked_hated",0.809136000671401
"478","book_liked_loved","game_disliked_hated",0.437124917637053
"479","book_memorable_unforgettable","game_disliked_hated",0.816432781454163
"480","book_special_unique","game_disliked_hated",0.824679489122379
"481","game_bad_terrible","game_disliked_hated",0.816013455936956
"482","game_disliked_hated","game_disliked_hated",0.220659633286412
"483","game_good_excellent","game_disliked_hated",0.810832230366699
"484","game_liked_loved","game_disliked_hated",0.480531396960943
"485","game_memorable_unforgettable","game_disliked_hated",0.817991896218843
"486","game_special_unique","game_disliked_hated",0.817664961468688
"487","movie_bad_terrible","game_disliked_hated",0.804568964254095
"488","movie_disliked_hated","game_disliked_hated",0.338018425410729
"489","movie_good_excellent","game_disliked_hated",0.812059062829394
"490","movie_liked_loved","game_disliked_hated",0.458859315793205
"491","movie_memorable_unforgettable","game_disliked_hated",0.816385875173714
"492","movie_special_unique","game_disliked_hated",0.817730131897415
"493","play_bad_terrible","game_disliked_hated",0.81197036865218
"494","play_disliked_hated","game_disliked_hated",0.365702608038549
"495","play_good_excellent","game_disliked_hated",0.812285398829671
"496","play_liked_loved","game_disliked_hated",0.457064567062515
"497","play_memorable_unforgettable","game_disliked_hated",0.813591772872728
"498","play_special_unique","game_disliked_hated",0.821400464356635
"499","restaurant_bad_terrible","game_disliked_hated",0.815307945133719
"500","restaurant_disliked_hated","game_disliked_hated",0.331472583815059
"501","restaurant_good_excellent","game_disliked_hated",0.812258171530748
"502","restaurant_liked_loved","game_disliked_hated",0.492682186559651
"503","restaurant_memorable_unforgettable","game_disliked_hated",0.813951144332196
"504","restaurant_special_unique","game_disliked_hated",0.813467704909444
"505","album_bad_terrible","game_good_excellent",0.560672335973614
"506","album_disliked_hated","game_good_excellent",0.806208897200682
"507","album_good_excellent","game_good_excellent",0.475134169490498
"508","album_liked_loved","game_good_excellent",0.811629620400797
"509","album_memorable_unforgettable","game_good_excellent",0.700465140736666
"510","album_special_unique","game_good_excellent",0.677097038559583
"511","book_bad_terrible","game_good_excellent",0.535619008871511
"512","book_disliked_hated","game_good_excellent",0.821936780348138
"513","book_good_excellent","game_good_excellent",0.508320309779028
"514","book_liked_loved","game_good_excellent",0.818915496670261
"515","book_memorable_unforgettable","game_good_excellent",0.668014311011892
"516","book_special_unique","game_good_excellent",0.711161710375396
"517","game_bad_terrible","game_good_excellent",0.539216632991784
"518","game_disliked_hated","game_good_excellent",0.810832230366699
"519","game_good_excellent","game_good_excellent",0.308103657852731
"520","game_liked_loved","game_good_excellent",0.803745152109791
"521","game_memorable_unforgettable","game_good_excellent",0.665421419706454
"522","game_special_unique","game_good_excellent",0.661376120208721
"523","movie_bad_terrible","game_good_excellent",0.525224355884714
"524","movie_disliked_hated","game_good_excellent",0.783860808472274
"525","movie_good_excellent","game_good_excellent",0.440600943490815
"526","movie_liked_loved","game_good_excellent",0.80710288805196
"527","movie_memorable_unforgettable","game_good_excellent",0.669939345663466
"528","movie_special_unique","game_good_excellent",0.641911746966544
"529","play_bad_terrible","game_good_excellent",0.520267448782581
"530","play_disliked_hated","game_good_excellent",0.791733912749741
"531","play_good_excellent","game_good_excellent",0.458109873703381
"532","play_liked_loved","game_good_excellent",0.799466875348723
"533","play_memorable_unforgettable","game_good_excellent",0.654058517651954
"534","play_special_unique","game_good_excellent",0.676386078365323
"535","restaurant_bad_terrible","game_good_excellent",0.554564697866122
"536","restaurant_disliked_hated","game_good_excellent",0.821023001284139
"537","restaurant_good_excellent","game_good_excellent",0.484359089309038
"538","restaurant_liked_loved","game_good_excellent",0.813345212762035
"539","restaurant_memorable_unforgettable","game_good_excellent",0.665426808131563
"540","restaurant_special_unique","game_good_excellent",0.679646655880902
"541","album_bad_terrible","game_liked_loved",0.803835056889964
"542","album_disliked_hated","game_liked_loved",0.462606288336532
"543","album_good_excellent","game_liked_loved",0.811189636544697
"544","album_liked_loved","game_liked_loved",0.364628133340697
"545","album_memorable_unforgettable","game_liked_loved",0.81760966777324
"546","album_special_unique","game_liked_loved",0.820496466369433
"547","book_bad_terrible","game_liked_loved",0.804378526454473
"548","book_disliked_hated","game_liked_loved",0.420932568037468
"549","book_good_excellent","game_liked_loved",0.807604724984077
"550","book_liked_loved","game_liked_loved",0.348321385144444
"551","book_memorable_unforgettable","game_liked_loved",0.816524157898254
"552","book_special_unique","game_liked_loved",0.819941486901273
"553","game_bad_terrible","game_liked_loved",0.805326668322131
"554","game_disliked_hated","game_liked_loved",0.480531396960943
"555","game_good_excellent","game_liked_loved",0.803745152109791
"556","game_liked_loved","game_liked_loved",0.237353267056753
"557","game_memorable_unforgettable","game_liked_loved",0.817886949228608
"558","game_special_unique","game_liked_loved",0.818168225900115
"559","movie_bad_terrible","game_liked_loved",0.789433678410012
"560","movie_disliked_hated","game_liked_loved",0.476916280389122
"561","movie_good_excellent","game_liked_loved",0.80965641216543
"562","movie_liked_loved","game_liked_loved",0.337633625738509
"563","movie_memorable_unforgettable","game_liked_loved",0.814768151273124
"564","movie_special_unique","game_liked_loved",0.81598766857395
"565","play_bad_terrible","game_liked_loved",0.79902831981231
"566","play_disliked_hated","game_liked_loved",0.452467413282978
"567","play_good_excellent","game_liked_loved",0.806337761173433
"568","play_liked_loved","game_liked_loved",0.368244730347854
"569","play_memorable_unforgettable","game_liked_loved",0.815987062665735
"570","play_special_unique","game_liked_loved",0.820464464661532
"571","restaurant_bad_terrible","game_liked_loved",0.799524906438207
"572","restaurant_disliked_hated","game_liked_loved",0.463477259215816
"573","restaurant_good_excellent","game_liked_loved",0.80951275050458
"574","restaurant_liked_loved","game_liked_loved",0.349342427906552
"575","restaurant_memorable_unforgettable","game_liked_loved",0.8168835073048
"576","restaurant_special_unique","game_liked_loved",0.81676553992302
"577","album_bad_terrible","game_memorable_unforgettable",0.702686177866915
"578","album_disliked_hated","game_memorable_unforgettable",0.822433934223001
"579","album_good_excellent","game_memorable_unforgettable",0.685097679911234
"580","album_liked_loved","game_memorable_unforgettable",0.817666481095409
"581","album_memorable_unforgettable","game_memorable_unforgettable",0.490074366611898
"582","album_special_unique","game_memorable_unforgettable",0.569176330334964
"583","book_bad_terrible","game_memorable_unforgettable",0.698826940481533
"584","book_disliked_hated","game_memorable_unforgettable",0.825934276314887
"585","book_good_excellent","game_memorable_unforgettable",0.66647912704219
"586","book_liked_loved","game_memorable_unforgettable",0.823911574445194
"587","book_memorable_unforgettable","game_memorable_unforgettable",0.491696205560444
"588","book_special_unique","game_memorable_unforgettable",0.591684439673095
"589","game_bad_terrible","game_memorable_unforgettable",0.697424872325929
"590","game_disliked_hated","game_memorable_unforgettable",0.817991896218843
"591","game_good_excellent","game_memorable_unforgettable",0.665421419706454
"592","game_liked_loved","game_memorable_unforgettable",0.817886949228608
"593","game_memorable_unforgettable","game_memorable_unforgettable",0.303320864907374
"594","game_special_unique","game_memorable_unforgettable",0.55352105331784
"595","movie_bad_terrible","game_memorable_unforgettable",0.686207158329531
"596","movie_disliked_hated","game_memorable_unforgettable",0.814919824082211
"597","movie_good_excellent","game_memorable_unforgettable",0.664765353034752
"598","movie_liked_loved","game_memorable_unforgettable",0.809905999517186
"599","movie_memorable_unforgettable","game_memorable_unforgettable",0.470665795770042
"600","movie_special_unique","game_memorable_unforgettable",0.586801504404103
"601","play_bad_terrible","game_memorable_unforgettable",0.684782122957189
"602","play_disliked_hated","game_memorable_unforgettable",0.805724524179658
"603","play_good_excellent","game_memorable_unforgettable",0.675213800788133
"604","play_liked_loved","game_memorable_unforgettable",0.814202385513589
"605","play_memorable_unforgettable","game_memorable_unforgettable",0.485463446598404
"606","play_special_unique","game_memorable_unforgettable",0.582684639003248
"607","restaurant_bad_terrible","game_memorable_unforgettable",0.703692045736365
"608","restaurant_disliked_hated","game_memorable_unforgettable",0.820167409005344
"609","restaurant_good_excellent","game_memorable_unforgettable",0.707714870648695
"610","restaurant_liked_loved","game_memorable_unforgettable",0.814581518892853
"611","restaurant_memorable_unforgettable","game_memorable_unforgettable",0.457605257100287
"612","restaurant_special_unique","game_memorable_unforgettable",0.544100460092333
"613","album_bad_terrible","game_special_unique",0.71202880896237
"614","album_disliked_hated","game_special_unique",0.821080928734138
"615","album_good_excellent","game_special_unique",0.691201497578221
"616","album_liked_loved","game_special_unique",0.817353444666505
"617","album_memorable_unforgettable","game_special_unique",0.607951445833752
"618","album_special_unique","game_special_unique",0.495660288056138
"619","book_bad_terrible","game_special_unique",0.703103220038166
"620","book_disliked_hated","game_special_unique",0.825743248674986
"621","book_good_excellent","game_special_unique",0.674562263368395
"622","book_liked_loved","game_special_unique",0.823400387394058
"623","book_memorable_unforgettable","game_special_unique",0.62008276415313
"624","book_special_unique","game_special_unique",0.480606409780156
"625","game_bad_terrible","game_special_unique",0.704489464875827
"626","game_disliked_hated","game_special_unique",0.817664961468688
"627","game_good_excellent","game_special_unique",0.661376120208721
"628","game_liked_loved","game_special_unique",0.818168225900115
"629","game_memorable_unforgettable","game_special_unique",0.55352105331784
"630","game_special_unique","game_special_unique",0.31537800587157
"631","movie_bad_terrible","game_special_unique",0.70034169468354
"632","movie_disliked_hated","game_special_unique",0.81716039345868
"633","movie_good_excellent","game_special_unique",0.677393883265531
"634","movie_liked_loved","game_special_unique",0.816063022023977
"635","movie_memorable_unforgettable","game_special_unique",0.584761475979139
"636","movie_special_unique","game_special_unique",0.500149121914627
"637","play_bad_terrible","game_special_unique",0.702399325393587
"638","play_disliked_hated","game_special_unique",0.806146428911517
"639","play_good_excellent","game_special_unique",0.687328530126301
"640","play_liked_loved","game_special_unique",0.813600401709544
"641","play_memorable_unforgettable","game_special_unique",0.624679042816409
"642","play_special_unique","game_special_unique",0.491995969828008
"643","restaurant_bad_terrible","game_special_unique",0.708100389366948
"644","restaurant_disliked_hated","game_special_unique",0.824275958502525
"645","restaurant_good_excellent","game_special_unique",0.70991553955943
"646","restaurant_liked_loved","game_special_unique",0.815292963913268
"647","restaurant_memorable_unforgettable","game_special_unique",0.576775971200191
"648","restaurant_special_unique","game_special_unique",0.500157107258381
"649","album_bad_terrible","movie_bad_terrible",0.439371338403593
"650","album_disliked_hated","movie_bad_terrible",0.800169101591975
"651","album_good_excellent","movie_bad_terrible",0.518348181802583
"652","album_liked_loved","movie_bad_terrible",0.79487332274371
"653","album_memorable_unforgettable","movie_bad_terrible",0.700738841019935
"654","album_special_unique","movie_bad_terrible",0.719659912377523
"655","book_bad_terrible","movie_bad_terrible",0.439348398320383
"656","book_disliked_hated","movie_bad_terrible",0.812156233317317
"657","book_good_excellent","movie_bad_terrible",0.521653395586625
"658","book_liked_loved","movie_bad_terrible",0.807058732268313
"659","book_memorable_unforgettable","movie_bad_terrible",0.679868472740362
"660","book_special_unique","movie_bad_terrible",0.731499970796816
"661","game_bad_terrible","movie_bad_terrible",0.43814014525176
"662","game_disliked_hated","movie_bad_terrible",0.804568964254095
"663","game_good_excellent","movie_bad_terrible",0.525224355884714
"664","game_liked_loved","movie_bad_terrible",0.789433678410012
"665","game_memorable_unforgettable","movie_bad_terrible",0.686207158329531
"666","game_special_unique","movie_bad_terrible",0.70034169468354
"667","movie_bad_terrible","movie_bad_terrible",0.268069885981142
"668","movie_disliked_hated","movie_bad_terrible",0.783255902525304
"669","movie_good_excellent","movie_bad_terrible",0.483693227586502
"670","movie_liked_loved","movie_bad_terrible",0.780074005319542
"671","movie_memorable_unforgettable","movie_bad_terrible",0.65591990656405
"672","movie_special_unique","movie_bad_terrible",0.665568511351914
"673","play_bad_terrible","movie_bad_terrible",0.422660924859553
"674","play_disliked_hated","movie_bad_terrible",0.786897533717456
"675","play_good_excellent","movie_bad_terrible",0.494791401712627
"676","play_liked_loved","movie_bad_terrible",0.788088152269909
"677","play_memorable_unforgettable","movie_bad_terrible",0.66231992627972
"678","play_special_unique","movie_bad_terrible",0.713845767573496
"679","restaurant_bad_terrible","movie_bad_terrible",0.456279839900416
"680","restaurant_disliked_hated","movie_bad_terrible",0.810810906527627
"681","restaurant_good_excellent","movie_bad_terrible",0.490703775385972
"682","restaurant_liked_loved","movie_bad_terrible",0.797753808324125
"683","restaurant_memorable_unforgettable","movie_bad_terrible",0.694289716611811
"684","restaurant_special_unique","movie_bad_terrible",0.704988768234637
"685","album_bad_terrible","movie_disliked_hated",0.79921244595739
"686","album_disliked_hated","movie_disliked_hated",0.355157649011414
"687","album_good_excellent","movie_disliked_hated",0.786495059958464
"688","album_liked_loved","movie_disliked_hated",0.47035878977924
"689","album_memorable_unforgettable","movie_disliked_hated",0.816437368285135
"690","album_special_unique","movie_disliked_hated",0.812960918405014
"691","book_bad_terrible","movie_disliked_hated",0.794054844335692
"692","book_disliked_hated","movie_disliked_hated",0.374584014258268
"693","book_good_excellent","movie_disliked_hated",0.786551099092481
"694","book_liked_loved","movie_disliked_hated",0.43583233537486
"695","book_memorable_unforgettable","movie_disliked_hated",0.810360785475751
"696","book_special_unique","movie_disliked_hated",0.822015415495325
"697","game_bad_terrible","movie_disliked_hated",0.79728555823555
"698","game_disliked_hated","movie_disliked_hated",0.338018425410729
"699","game_good_excellent","movie_disliked_hated",0.783860808472274
"700","game_liked_loved","movie_disliked_hated",0.476916280389122
"701","game_memorable_unforgettable","movie_disliked_hated",0.814919824082211
"702","game_special_unique","movie_disliked_hated",0.81716039345868
"703","movie_bad_terrible","movie_disliked_hated",0.783255902525304
"704","movie_disliked_hated","movie_disliked_hated",0.222876131684325
"705","movie_good_excellent","movie_disliked_hated",0.782949582093089
"706","movie_liked_loved","movie_disliked_hated",0.467121716355265
"707","movie_memorable_unforgettable","movie_disliked_hated",0.810965477290832
"708","movie_special_unique","movie_disliked_hated",0.804999417517651
"709","play_bad_terrible","movie_disliked_hated",0.784702427593558
"710","play_disliked_hated","movie_disliked_hated",0.359596659327764
"711","play_good_excellent","movie_disliked_hated",0.788749465051113
"712","play_liked_loved","movie_disliked_hated",0.460575254157876
"713","play_memorable_unforgettable","movie_disliked_hated",0.807084057390671
"714","play_special_unique","movie_disliked_hated",0.814897694367336
"715","restaurant_bad_terrible","movie_disliked_hated",0.797168105639104
"716","restaurant_disliked_hated","movie_disliked_hated",0.347940977008469
"717","restaurant_good_excellent","movie_disliked_hated",0.786874061596598
"718","restaurant_liked_loved","movie_disliked_hated",0.49875691862898
"719","restaurant_memorable_unforgettable","movie_disliked_hated",0.805218242137809
"720","restaurant_special_unique","movie_disliked_hated",0.808077934325553
"721","album_bad_terrible","movie_good_excellent",0.522035005043449
"722","album_disliked_hated","movie_good_excellent",0.808454547504447
"723","album_good_excellent","movie_good_excellent",0.437804231802998
"724","album_liked_loved","movie_good_excellent",0.814352880204361
"725","album_memorable_unforgettable","movie_good_excellent",0.675706662023716
"726","album_special_unique","movie_good_excellent",0.681495923236518
"727","book_bad_terrible","movie_good_excellent",0.510373130131599
"728","book_disliked_hated","movie_good_excellent",0.826195145908771
"729","book_good_excellent","movie_good_excellent",0.473096033990434
"730","book_liked_loved","movie_good_excellent",0.82306858898596
"731","book_memorable_unforgettable","movie_good_excellent",0.652602088804802
"732","book_special_unique","movie_good_excellent",0.720033477369101
"733","game_bad_terrible","movie_good_excellent",0.52707666266117
"734","game_disliked_hated","movie_good_excellent",0.812059062829394
"735","game_good_excellent","movie_good_excellent",0.440600943490815
"736","game_liked_loved","movie_good_excellent",0.80965641216543
"737","game_memorable_unforgettable","movie_good_excellent",0.664765353034752
"738","game_special_unique","movie_good_excellent",0.677393883265531
"739","movie_bad_terrible","movie_good_excellent",0.483693227586502
"740","movie_disliked_hated","movie_good_excellent",0.782949582093089
"741","movie_good_excellent","movie_good_excellent",0.275848580030888
"742","movie_liked_loved","movie_good_excellent",0.807947978050557
"743","movie_memorable_unforgettable","movie_good_excellent",0.637724919364388
"744","movie_special_unique","movie_good_excellent",0.635424481214777
"745","play_bad_terrible","movie_good_excellent",0.48176673518092
"746","play_disliked_hated","movie_good_excellent",0.796292325628469
"747","play_good_excellent","movie_good_excellent",0.429650981186493
"748","play_liked_loved","movie_good_excellent",0.805442704740834
"749","play_memorable_unforgettable","movie_good_excellent",0.633303221819671
"750","play_special_unique","movie_good_excellent",0.688857058953561
"751","restaurant_bad_terrible","movie_good_excellent",0.525006025377994
"752","restaurant_disliked_hated","movie_good_excellent",0.824455605108634
"753","restaurant_good_excellent","movie_good_excellent",0.441553387761932
"754","restaurant_liked_loved","movie_good_excellent",0.819066290218147
"755","restaurant_memorable_unforgettable","movie_good_excellent",0.657196729389579
"756","restaurant_special_unique","movie_good_excellent",0.679423365397604
"757","album_bad_terrible","movie_liked_loved",0.801291440338795
"758","album_disliked_hated","movie_liked_loved",0.476269419234407
"759","album_good_excellent","movie_liked_loved",0.809034714732112
"760","album_liked_loved","movie_liked_loved",0.338619456332041
"761","album_memorable_unforgettable","movie_liked_loved",0.811528230131711
"762","album_special_unique","movie_liked_loved",0.812897587428295
"763","book_bad_terrible","movie_liked_loved",0.800984217259313
"764","book_disliked_hated","movie_liked_loved",0.43684805651167
"765","book_good_excellent","movie_liked_loved",0.802749042189144
"766","book_liked_loved","movie_liked_loved",0.330396107407332
"767","book_memorable_unforgettable","movie_liked_loved",0.811999781796651
"768","book_special_unique","movie_liked_loved",0.814828006012269
"769","game_bad_terrible","movie_liked_loved",0.802435021402722
"770","game_disliked_hated","movie_liked_loved",0.458859315793205
"771","game_good_excellent","movie_liked_loved",0.80710288805196
"772","game_liked_loved","movie_liked_loved",0.337633625738509
"773","game_memorable_unforgettable","movie_liked_loved",0.809905999517186
"774","game_special_unique","movie_liked_loved",0.816063022023977
"775","movie_bad_terrible","movie_liked_loved",0.780074005319542
"776","movie_disliked_hated","movie_liked_loved",0.467121716355265
"777","movie_good_excellent","movie_liked_loved",0.807947978050557
"778","movie_liked_loved","movie_liked_loved",0.223687409701471
"779","movie_memorable_unforgettable","movie_liked_loved",0.809211727242761
"780","movie_special_unique","movie_liked_loved",0.815888596790023
"781","play_bad_terrible","movie_liked_loved",0.797862232650374
"782","play_disliked_hated","movie_liked_loved",0.449052089225936
"783","play_good_excellent","movie_liked_loved",0.809538801743306
"784","play_liked_loved","movie_liked_loved",0.35292128864373
"785","play_memorable_unforgettable","movie_liked_loved",0.809466547247235
"786","play_special_unique","movie_liked_loved",0.81455557500502
"787","restaurant_bad_terrible","movie_liked_loved",0.797661161252676
"788","restaurant_disliked_hated","movie_liked_loved",0.457031587771047
"789","restaurant_good_excellent","movie_liked_loved",0.809845453105981
"790","restaurant_liked_loved","movie_liked_loved",0.342848517432136
"791","restaurant_memorable_unforgettable","movie_liked_loved",0.809591816221376
"792","restaurant_special_unique","movie_liked_loved",0.80854988869921
"793","album_bad_terrible","movie_memorable_unforgettable",0.692533475309202
"794","album_disliked_hated","movie_memorable_unforgettable",0.82079048671971
"795","album_good_excellent","movie_memorable_unforgettable",0.677781418840715
"796","album_liked_loved","movie_memorable_unforgettable",0.817211575192302
"797","album_memorable_unforgettable","movie_memorable_unforgettable",0.501252538728258
"798","album_special_unique","movie_memorable_unforgettable",0.596324862461594
"799","book_bad_terrible","movie_memorable_unforgettable",0.669538419803493
"800","book_disliked_hated","movie_memorable_unforgettable",0.82591605315532
"801","book_good_excellent","movie_memorable_unforgettable",0.650158989654277
"802","book_liked_loved","movie_memorable_unforgettable",0.825195646382552
"803","book_memorable_unforgettable","movie_memorable_unforgettable",0.495362417713724
"804","book_special_unique","movie_memorable_unforgettable",0.593452379362414
"805","game_bad_terrible","movie_memorable_unforgettable",0.69125098796266
"806","game_disliked_hated","movie_memorable_unforgettable",0.816385875173714
"807","game_good_excellent","movie_memorable_unforgettable",0.669939345663466
"808","game_liked_loved","movie_memorable_unforgettable",0.814768151273124
"809","game_memorable_unforgettable","movie_memorable_unforgettable",0.470665795770042
"810","game_special_unique","movie_memorable_unforgettable",0.584761475979139
"811","movie_bad_terrible","movie_memorable_unforgettable",0.65591990656405
"812","movie_disliked_hated","movie_memorable_unforgettable",0.810965477290832
"813","movie_good_excellent","movie_memorable_unforgettable",0.637724919364388
"814","movie_liked_loved","movie_memorable_unforgettable",0.809211727242761
"815","movie_memorable_unforgettable","movie_memorable_unforgettable",0.306124754193106
"816","movie_special_unique","movie_memorable_unforgettable",0.567121484513673
"817","play_bad_terrible","movie_memorable_unforgettable",0.66991195365058
"818","play_disliked_hated","movie_memorable_unforgettable",0.806755361366701
"819","play_good_excellent","movie_memorable_unforgettable",0.676431583140118
"820","play_liked_loved","movie_memorable_unforgettable",0.814996561507018
"821","play_memorable_unforgettable","movie_memorable_unforgettable",0.502458742767447
"822","play_special_unique","movie_memorable_unforgettable",0.600322088413763
"823","restaurant_bad_terrible","movie_memorable_unforgettable",0.69893556796949
"824","restaurant_disliked_hated","movie_memorable_unforgettable",0.823041934687459
"825","restaurant_good_excellent","movie_memorable_unforgettable",0.694475274336984
"826","restaurant_liked_loved","movie_memorable_unforgettable",0.813725629104024
"827","restaurant_memorable_unforgettable","movie_memorable_unforgettable",0.492270711842364
"828","restaurant_special_unique","movie_memorable_unforgettable",0.575967958466336
"829","album_bad_terrible","movie_special_unique",0.693139017707713
"830","album_disliked_hated","movie_special_unique",0.817706203184389
"831","album_good_excellent","movie_special_unique",0.670582532551208
"832","album_liked_loved","movie_special_unique",0.816724824961842
"833","album_memorable_unforgettable","movie_special_unique",0.622410074252091
"834","album_special_unique","movie_special_unique",0.533284781276867
"835","book_bad_terrible","movie_special_unique",0.669510686920862
"836","book_disliked_hated","movie_special_unique",0.825816501474129
"837","book_good_excellent","movie_special_unique",0.643847265075597
"838","book_liked_loved","movie_special_unique",0.82459970013517
"839","book_memorable_unforgettable","movie_special_unique",0.620456099745182
"840","book_special_unique","movie_special_unique",0.524284665752987
"841","game_bad_terrible","movie_special_unique",0.69274827836179
"842","game_disliked_hated","movie_special_unique",0.817730131897415
"843","game_good_excellent","movie_special_unique",0.641911746966544
"844","game_liked_loved","movie_special_unique",0.81598766857395
"845","game_memorable_unforgettable","movie_special_unique",0.586801504404103
"846","game_special_unique","movie_special_unique",0.500149121914627
"847","movie_bad_terrible","movie_special_unique",0.665568511351914
"848","movie_disliked_hated","movie_special_unique",0.804999417517651
"849","movie_good_excellent","movie_special_unique",0.635424481214777
"850","movie_liked_loved","movie_special_unique",0.815888596790023
"851","movie_memorable_unforgettable","movie_special_unique",0.567121484513673
"852","movie_special_unique","movie_special_unique",0.317380740654683
"853","play_bad_terrible","movie_special_unique",0.675298184917828
"854","play_disliked_hated","movie_special_unique",0.802613444345777
"855","play_good_excellent","movie_special_unique",0.663114715141629
"856","play_liked_loved","movie_special_unique",0.816488076891576
"857","play_memorable_unforgettable","movie_special_unique",0.615710572566038
"858","play_special_unique","movie_special_unique",0.503853709626173
"859","restaurant_bad_terrible","movie_special_unique",0.694848686686309
"860","restaurant_disliked_hated","movie_special_unique",0.825142861830577
"861","restaurant_good_excellent","movie_special_unique",0.683262258653077
"862","restaurant_liked_loved","movie_special_unique",0.813029606284464
"863","restaurant_memorable_unforgettable","movie_special_unique",0.605057598726708
"864","restaurant_special_unique","movie_special_unique",0.541796311585411
"865","album_bad_terrible","play_bad_terrible",0.45495314928014
"866","album_disliked_hated","play_bad_terrible",0.807041624520565
"867","album_good_excellent","play_bad_terrible",0.511527130517293
"868","album_liked_loved","play_bad_terrible",0.806944643729619
"869","album_memorable_unforgettable","play_bad_terrible",0.706959780317022
"870","album_special_unique","play_bad_terrible",0.716994261428959
"871","book_bad_terrible","play_bad_terrible",0.458629124155403
"872","book_disliked_hated","play_bad_terrible",0.821289688300875
"873","book_good_excellent","play_bad_terrible",0.516093576070701
"874","book_liked_loved","play_bad_terrible",0.819063474551795
"875","book_memorable_unforgettable","play_bad_terrible",0.678204350449001
"876","book_special_unique","play_bad_terrible",0.742172812583319
"877","game_bad_terrible","play_bad_terrible",0.447408818353745
"878","game_disliked_hated","play_bad_terrible",0.81197036865218
"879","game_good_excellent","play_bad_terrible",0.520267448782581
"880","game_liked_loved","play_bad_terrible",0.79902831981231
"881","game_memorable_unforgettable","play_bad_terrible",0.684782122957189
"882","game_special_unique","play_bad_terrible",0.702399325393587
"883","movie_bad_terrible","play_bad_terrible",0.422660924859553
"884","movie_disliked_hated","play_bad_terrible",0.784702427593558
"885","movie_good_excellent","play_bad_terrible",0.48176673518092
"886","movie_liked_loved","play_bad_terrible",0.797862232650374
"887","movie_memorable_unforgettable","play_bad_terrible",0.66991195365058
"888","movie_special_unique","play_bad_terrible",0.675298184917828
"889","play_bad_terrible","play_bad_terrible",0.303440245146755
"890","play_disliked_hated","play_bad_terrible",0.792310864973298
"891","play_good_excellent","play_bad_terrible",0.473180373473939
"892","play_liked_loved","play_bad_terrible",0.800197325412816
"893","play_memorable_unforgettable","play_bad_terrible",0.658782678769553
"894","play_special_unique","play_bad_terrible",0.715077116430418
"895","restaurant_bad_terrible","play_bad_terrible",0.461888762310752
"896","restaurant_disliked_hated","play_bad_terrible",0.819501644652772
"897","restaurant_good_excellent","play_bad_terrible",0.497358721456815
"898","restaurant_liked_loved","play_bad_terrible",0.810132419708784
"899","restaurant_memorable_unforgettable","play_bad_terrible",0.686890092234788
"900","restaurant_special_unique","play_bad_terrible",0.713252666031073
"901","album_bad_terrible","play_disliked_hated",0.806553665276379
"902","album_disliked_hated","play_disliked_hated",0.347549306680346
"903","album_good_excellent","play_disliked_hated",0.791964681111206
"904","album_liked_loved","play_disliked_hated",0.440310882961781
"905","album_memorable_unforgettable","play_disliked_hated",0.807510785094246
"906","album_special_unique","play_disliked_hated",0.807222632319992
"907","book_bad_terrible","play_disliked_hated",0.800155046736967
"908","book_disliked_hated","play_disliked_hated",0.372411162341928
"909","book_good_excellent","play_disliked_hated",0.792021621243901
"910","book_liked_loved","play_disliked_hated",0.434594612181168
"911","book_memorable_unforgettable","play_disliked_hated",0.806384816703062
"912","book_special_unique","play_disliked_hated",0.815400887837374
"913","game_bad_terrible","play_disliked_hated",0.802729557105233
"914","game_disliked_hated","play_disliked_hated",0.365702608038549
"915","game_good_excellent","play_disliked_hated",0.791733912749741
"916","game_liked_loved","play_disliked_hated",0.452467413282978
"917","game_memorable_unforgettable","play_disliked_hated",0.805724524179658
"918","game_special_unique","play_disliked_hated",0.806146428911517
"919","movie_bad_terrible","play_disliked_hated",0.786897533717456
"920","movie_disliked_hated","play_disliked_hated",0.359596659327764
"921","movie_good_excellent","play_disliked_hated",0.796292325628469
"922","movie_liked_loved","play_disliked_hated",0.449052089225936
"923","movie_memorable_unforgettable","play_disliked_hated",0.806755361366701
"924","movie_special_unique","play_disliked_hated",0.802613444345777
"925","play_bad_terrible","play_disliked_hated",0.792310864973298
"926","play_disliked_hated","play_disliked_hated",0.242152526213525
"927","play_good_excellent","play_disliked_hated",0.798130169614784
"928","play_liked_loved","play_disliked_hated",0.448263780012208
"929","play_memorable_unforgettable","play_disliked_hated",0.801497417372585
"930","play_special_unique","play_disliked_hated",0.806768582368863
"931","restaurant_bad_terrible","play_disliked_hated",0.804939452052412
"932","restaurant_disliked_hated","play_disliked_hated",0.369025837966474
"933","restaurant_good_excellent","play_disliked_hated",0.80229812498187
"934","restaurant_liked_loved","play_disliked_hated",0.472748437405008
"935","restaurant_memorable_unforgettable","play_disliked_hated",0.800201545249945
"936","restaurant_special_unique","play_disliked_hated",0.802597942351998
"937","album_bad_terrible","play_good_excellent",0.516109034584435
"938","album_disliked_hated","play_good_excellent",0.80903841030347
"939","album_good_excellent","play_good_excellent",0.468436436406677
"940","album_liked_loved","play_good_excellent",0.814214421983466
"941","album_memorable_unforgettable","play_good_excellent",0.696336507574526
"942","album_special_unique","play_good_excellent",0.701767764117731
"943","book_bad_terrible","play_good_excellent",0.507428061861735
"944","book_disliked_hated","play_good_excellent",0.825350416113757
"945","book_good_excellent","play_good_excellent",0.492590118205882
"946","book_liked_loved","play_good_excellent",0.823449055933169
"947","book_memorable_unforgettable","play_good_excellent",0.680745302245838
"948","book_special_unique","play_good_excellent",0.734777925349962
"949","game_bad_terrible","play_good_excellent",0.504970357313266
"950","game_disliked_hated","play_good_excellent",0.812285398829671
"951","game_good_excellent","play_good_excellent",0.458109873703381
"952","game_liked_loved","play_good_excellent",0.806337761173433
"953","game_memorable_unforgettable","play_good_excellent",0.675213800788133
"954","game_special_unique","play_good_excellent",0.687328530126301
"955","movie_bad_terrible","play_good_excellent",0.494791401712627
"956","movie_disliked_hated","play_good_excellent",0.788749465051113
"957","movie_good_excellent","play_good_excellent",0.429650981186493
"958","movie_liked_loved","play_good_excellent",0.809538801743306
"959","movie_memorable_unforgettable","play_good_excellent",0.676431583140118
"960","movie_special_unique","play_good_excellent",0.663114715141629
"961","play_bad_terrible","play_good_excellent",0.473180373473939
"962","play_disliked_hated","play_good_excellent",0.798130169614784
"963","play_good_excellent","play_good_excellent",0.290419600120812
"964","play_liked_loved","play_good_excellent",0.801472115068401
"965","play_memorable_unforgettable","play_good_excellent",0.64543218831343
"966","play_special_unique","play_good_excellent",0.690963438652548
"967","restaurant_bad_terrible","play_good_excellent",0.520487397964339
"968","restaurant_disliked_hated","play_good_excellent",0.82413729386558
"969","restaurant_good_excellent","play_good_excellent",0.464618930126372
"970","restaurant_liked_loved","play_good_excellent",0.816027578342575
"971","restaurant_memorable_unforgettable","play_good_excellent",0.670471483832652
"972","restaurant_special_unique","play_good_excellent",0.693535635404071
"973","album_bad_terrible","play_liked_loved",0.806590335824783
"974","album_disliked_hated","play_liked_loved",0.457529317685647
"975","album_good_excellent","play_liked_loved",0.807260364950398
"976","album_liked_loved","play_liked_loved",0.376490708686944
"977","album_memorable_unforgettable","play_liked_loved",0.814669749090952
"978","album_special_unique","play_liked_loved",0.817248963642353
"979","book_bad_terrible","play_liked_loved",0.804429821268043
"980","book_disliked_hated","play_liked_loved",0.433258699280787
"981","book_good_excellent","play_liked_loved",0.801381057547923
"982","book_liked_loved","play_liked_loved",0.34187691088634
"983","book_memorable_unforgettable","play_liked_loved",0.811141374809255
"984","book_special_unique","play_liked_loved",0.816701246602456
"985","game_bad_terrible","play_liked_loved",0.800884673699491
"986","game_disliked_hated","play_liked_loved",0.457064567062515
"987","game_good_excellent","play_liked_loved",0.799466875348723
"988","game_liked_loved","play_liked_loved",0.368244730347854
"989","game_memorable_unforgettable","play_liked_loved",0.814202385513589
"990","game_special_unique","play_liked_loved",0.813600401709544
"991","movie_bad_terrible","play_liked_loved",0.788088152269909
"992","movie_disliked_hated","play_liked_loved",0.460575254157876
"993","movie_good_excellent","play_liked_loved",0.805442704740834
"994","movie_liked_loved","play_liked_loved",0.35292128864373
"995","movie_memorable_unforgettable","play_liked_loved",0.814996561507018
"996","movie_special_unique","play_liked_loved",0.816488076891576
"997","play_bad_terrible","play_liked_loved",0.800197325412816
"998","play_disliked_hated","play_liked_loved",0.448263780012208
"999","play_good_excellent","play_liked_loved",0.801472115068401
"1000","play_liked_loved","play_liked_loved",0.248812522546744
"1001","play_memorable_unforgettable","play_liked_loved",0.809295505958565
"1002","play_special_unique","play_liked_loved",0.81507255886824
"1003","restaurant_bad_terrible","play_liked_loved",0.804133534174641
"1004","restaurant_disliked_hated","play_liked_loved",0.443794179603444
"1005","restaurant_good_excellent","play_liked_loved",0.808861503941762
"1006","restaurant_liked_loved","play_liked_loved",0.387586123935262
"1007","restaurant_memorable_unforgettable","play_liked_loved",0.809327444098998
"1008","restaurant_special_unique","play_liked_loved",0.812309522136737
"1009","album_bad_terrible","play_memorable_unforgettable",0.679972656501417
"1010","album_disliked_hated","play_memorable_unforgettable",0.816786982879637
"1011","album_good_excellent","play_memorable_unforgettable",0.659805968693129
"1012","album_liked_loved","play_memorable_unforgettable",0.816255606546565
"1013","album_memorable_unforgettable","play_memorable_unforgettable",0.498403706059428
"1014","album_special_unique","play_memorable_unforgettable",0.627634117152566
"1015","book_bad_terrible","play_memorable_unforgettable",0.652194973504869
"1016","book_disliked_hated","play_memorable_unforgettable",0.824471028498288
"1017","book_good_excellent","play_memorable_unforgettable",0.631775461281877
"1018","book_liked_loved","play_memorable_unforgettable",0.822895732963945
"1019","book_memorable_unforgettable","play_memorable_unforgettable",0.487627580440408
"1020","book_special_unique","play_memorable_unforgettable",0.642182125998712
"1021","game_bad_terrible","play_memorable_unforgettable",0.676984747702519
"1022","game_disliked_hated","play_memorable_unforgettable",0.813591772872728
"1023","game_good_excellent","play_memorable_unforgettable",0.654058517651954
"1024","game_liked_loved","play_memorable_unforgettable",0.815987062665735
"1025","game_memorable_unforgettable","play_memorable_unforgettable",0.485463446598404
"1026","game_special_unique","play_memorable_unforgettable",0.624679042816409
"1027","movie_bad_terrible","play_memorable_unforgettable",0.66231992627972
"1028","movie_disliked_hated","play_memorable_unforgettable",0.807084057390671
"1029","movie_good_excellent","play_memorable_unforgettable",0.633303221819671
"1030","movie_liked_loved","play_memorable_unforgettable",0.809466547247235
"1031","movie_memorable_unforgettable","play_memorable_unforgettable",0.502458742767447
"1032","movie_special_unique","play_memorable_unforgettable",0.615710572566038
"1033","play_bad_terrible","play_memorable_unforgettable",0.658782678769553
"1034","play_disliked_hated","play_memorable_unforgettable",0.801497417372585
"1035","play_good_excellent","play_memorable_unforgettable",0.64543218831343
"1036","play_liked_loved","play_memorable_unforgettable",0.809295505958565
"1037","play_memorable_unforgettable","play_memorable_unforgettable",0.30961599521477
"1038","play_special_unique","play_memorable_unforgettable",0.610470042964147
"1039","restaurant_bad_terrible","play_memorable_unforgettable",0.678958156161284
"1040","restaurant_disliked_hated","play_memorable_unforgettable",0.821269051325814
"1041","restaurant_good_excellent","play_memorable_unforgettable",0.684977261257438
"1042","restaurant_liked_loved","play_memorable_unforgettable",0.81458393894401
"1043","restaurant_memorable_unforgettable","play_memorable_unforgettable",0.497056926535654
"1044","restaurant_special_unique","play_memorable_unforgettable",0.596875932972587
"1045","album_bad_terrible","play_special_unique",0.720574582289423
"1046","album_disliked_hated","play_special_unique",0.818709154235364
"1047","album_good_excellent","play_special_unique",0.700539562817728
"1048","album_liked_loved","play_special_unique",0.817718356225081
"1049","album_memorable_unforgettable","play_special_unique",0.625157602798243
"1050","album_special_unique","play_special_unique",0.512924335772923
"1051","book_bad_terrible","play_special_unique",0.711577670947521
"1052","book_disliked_hated","play_special_unique",0.825759187954591
"1053","book_good_excellent","play_special_unique",0.672270934963559
"1054","book_liked_loved","play_special_unique",0.825862052542489
"1055","book_memorable_unforgettable","play_special_unique",0.630645363992512
"1056","book_special_unique","play_special_unique",0.503980713219865
"1057","game_bad_terrible","play_special_unique",0.727111618309179
"1058","game_disliked_hated","play_special_unique",0.821400464356635
"1059","game_good_excellent","play_special_unique",0.676386078365323
"1060","game_liked_loved","play_special_unique",0.820464464661532
"1061","game_memorable_unforgettable","play_special_unique",0.582684639003248
"1062","game_special_unique","play_special_unique",0.491995969828008
"1063","movie_bad_terrible","play_special_unique",0.713845767573496
"1064","movie_disliked_hated","play_special_unique",0.814897694367336
"1065","movie_good_excellent","play_special_unique",0.688857058953561
"1066","movie_liked_loved","play_special_unique",0.81455557500502
"1067","movie_memorable_unforgettable","play_special_unique",0.600322088413763
"1068","movie_special_unique","play_special_unique",0.503853709626173
"1069","play_bad_terrible","play_special_unique",0.715077116430418
"1070","play_disliked_hated","play_special_unique",0.806768582368863
"1071","play_good_excellent","play_special_unique",0.690963438652548
"1072","play_liked_loved","play_special_unique",0.81507255886824
"1073","play_memorable_unforgettable","play_special_unique",0.610470042964147
"1074","play_special_unique","play_special_unique",0.32349758912326
"1075","restaurant_bad_terrible","play_special_unique",0.724212710281628
"1076","restaurant_disliked_hated","play_special_unique",0.823609492024212
"1077","restaurant_good_excellent","play_special_unique",0.717621851909795
"1078","restaurant_liked_loved","play_special_unique",0.813187039717151
"1079","restaurant_memorable_unforgettable","play_special_unique",0.602110493891493
"1080","restaurant_special_unique","play_special_unique",0.518284565470439
"1081","album_bad_terrible","restaurant_bad_terrible",0.433869551158721
"1082","album_disliked_hated","restaurant_bad_terrible",0.810111296625669
"1083","album_good_excellent","restaurant_bad_terrible",0.540485137354081
"1084","album_liked_loved","restaurant_bad_terrible",0.80521763829406
"1085","album_memorable_unforgettable","restaurant_bad_terrible",0.720743741865994
"1086","album_special_unique","restaurant_bad_terrible",0.731047296115267
"1087","book_bad_terrible","restaurant_bad_terrible",0.475237630752595
"1088","book_disliked_hated","restaurant_bad_terrible",0.822024195731791
"1089","book_good_excellent","restaurant_bad_terrible",0.569014246574746
"1090","book_liked_loved","restaurant_bad_terrible",0.818577514501328
"1091","book_memorable_unforgettable","restaurant_bad_terrible",0.697162464922543
"1092","book_special_unique","restaurant_bad_terrible",0.749095809043556
"1093","game_bad_terrible","restaurant_bad_terrible",0.448742518933892
"1094","game_disliked_hated","restaurant_bad_terrible",0.815307945133719
"1095","game_good_excellent","restaurant_bad_terrible",0.554564697866122
"1096","game_liked_loved","restaurant_bad_terrible",0.799524906438207
"1097","game_memorable_unforgettable","restaurant_bad_terrible",0.703692045736365
"1098","game_special_unique","restaurant_bad_terrible",0.708100389366948
"1099","movie_bad_terrible","restaurant_bad_terrible",0.456279839900416
"1100","movie_disliked_hated","restaurant_bad_terrible",0.797168105639104
"1101","movie_good_excellent","restaurant_bad_terrible",0.525006025377994
"1102","movie_liked_loved","restaurant_bad_terrible",0.797661161252676
"1103","movie_memorable_unforgettable","restaurant_bad_terrible",0.69893556796949
"1104","movie_special_unique","restaurant_bad_terrible",0.694848686686309
"1105","play_bad_terrible","restaurant_bad_terrible",0.461888762310752
"1106","play_disliked_hated","restaurant_bad_terrible",0.804939452052412
"1107","play_good_excellent","restaurant_bad_terrible",0.520487397964339
"1108","play_liked_loved","restaurant_bad_terrible",0.804133534174641
"1109","play_memorable_unforgettable","restaurant_bad_terrible",0.678958156161284
"1110","play_special_unique","restaurant_bad_terrible",0.724212710281628
"1111","restaurant_bad_terrible","restaurant_bad_terrible",0.267919979071197
"1112","restaurant_disliked_hated","restaurant_bad_terrible",0.82170597782984
"1113","restaurant_good_excellent","restaurant_bad_terrible",0.505659656592756
"1114","restaurant_liked_loved","restaurant_bad_terrible",0.813215679890035
"1115","restaurant_memorable_unforgettable","restaurant_bad_terrible",0.700457516411324
"1116","restaurant_special_unique","restaurant_bad_terrible",0.723881800420867
"1117","album_bad_terrible","restaurant_disliked_hated",0.82501258565275
"1118","album_disliked_hated","restaurant_disliked_hated",0.353038209891897
"1119","album_good_excellent","restaurant_disliked_hated",0.824768150039968
"1120","album_liked_loved","restaurant_disliked_hated",0.472456612408221
"1121","album_memorable_unforgettable","restaurant_disliked_hated",0.821437805426972
"1122","album_special_unique","restaurant_disliked_hated",0.82373966745378
"1123","book_bad_terrible","restaurant_disliked_hated",0.824104884202931
"1124","book_disliked_hated","restaurant_disliked_hated",0.370966556262301
"1125","book_good_excellent","restaurant_disliked_hated",0.819220344815459
"1126","book_liked_loved","restaurant_disliked_hated",0.428540615225239
"1127","book_memorable_unforgettable","restaurant_disliked_hated",0.82143926606937
"1128","book_special_unique","restaurant_disliked_hated",0.824560355886392
"1129","game_bad_terrible","restaurant_disliked_hated",0.82341360722216
"1130","game_disliked_hated","restaurant_disliked_hated",0.331472583815059
"1131","game_good_excellent","restaurant_disliked_hated",0.821023001284139
"1132","game_liked_loved","restaurant_disliked_hated",0.463477259215816
"1133","game_memorable_unforgettable","restaurant_disliked_hated",0.820167409005344
"1134","game_special_unique","restaurant_disliked_hated",0.824275958502525
"1135","movie_bad_terrible","restaurant_disliked_hated",0.810810906527627
"1136","movie_disliked_hated","restaurant_disliked_hated",0.347940977008469
"1137","movie_good_excellent","restaurant_disliked_hated",0.824455605108634
"1138","movie_liked_loved","restaurant_disliked_hated",0.457031587771047
"1139","movie_memorable_unforgettable","restaurant_disliked_hated",0.823041934687459
"1140","movie_special_unique","restaurant_disliked_hated",0.825142861830577
"1141","play_bad_terrible","restaurant_disliked_hated",0.819501644652772
"1142","play_disliked_hated","restaurant_disliked_hated",0.369025837966474
"1143","play_good_excellent","restaurant_disliked_hated",0.82413729386558
"1144","play_liked_loved","restaurant_disliked_hated",0.443794179603444
"1145","play_memorable_unforgettable","restaurant_disliked_hated",0.821269051325814
"1146","play_special_unique","restaurant_disliked_hated",0.823609492024212
"1147","restaurant_bad_terrible","restaurant_disliked_hated",0.82170597782984
"1148","restaurant_disliked_hated","restaurant_disliked_hated",0.205806067842764
"1149","restaurant_good_excellent","restaurant_disliked_hated",0.82640210030282
"1150","restaurant_liked_loved","restaurant_disliked_hated",0.473733419219129
"1151","restaurant_memorable_unforgettable","restaurant_disliked_hated",0.814598517312333
"1152","restaurant_special_unique","restaurant_disliked_hated",0.818225322510956
"1153","album_bad_terrible","restaurant_good_excellent",0.526702660576118
"1154","album_disliked_hated","restaurant_good_excellent",0.807077438911693
"1155","album_good_excellent","restaurant_good_excellent",0.447971743585442
"1156","album_liked_loved","restaurant_good_excellent",0.817311498079602
"1157","album_memorable_unforgettable","restaurant_good_excellent",0.707605051478842
"1158","album_special_unique","restaurant_good_excellent",0.705038766140311
"1159","book_bad_terrible","restaurant_good_excellent",0.527484381573341
"1160","book_disliked_hated","restaurant_good_excellent",0.825283166327765
"1161","book_good_excellent","restaurant_good_excellent",0.511101450864761
"1162","book_liked_loved","restaurant_good_excellent",0.824219966906497
"1163","book_memorable_unforgettable","restaurant_good_excellent",0.693018382124688
"1164","book_special_unique","restaurant_good_excellent",0.742145092554748
"1165","game_bad_terrible","restaurant_good_excellent",0.521383803246013
"1166","game_disliked_hated","restaurant_good_excellent",0.812258171530748
"1167","game_good_excellent","restaurant_good_excellent",0.484359089309038
"1168","game_liked_loved","restaurant_good_excellent",0.80951275050458
"1169","game_memorable_unforgettable","restaurant_good_excellent",0.707714870648695
"1170","game_special_unique","restaurant_good_excellent",0.70991553955943
"1171","movie_bad_terrible","restaurant_good_excellent",0.490703775385972
"1172","movie_disliked_hated","restaurant_good_excellent",0.786874061596598
"1173","movie_good_excellent","restaurant_good_excellent",0.441553387761932
"1174","movie_liked_loved","restaurant_good_excellent",0.809845453105981
"1175","movie_memorable_unforgettable","restaurant_good_excellent",0.694475274336984
"1176","movie_special_unique","restaurant_good_excellent",0.683262258653077
"1177","play_bad_terrible","restaurant_good_excellent",0.497358721456815
"1178","play_disliked_hated","restaurant_good_excellent",0.80229812498187
"1179","play_good_excellent","restaurant_good_excellent",0.464618930126372
"1180","play_liked_loved","restaurant_good_excellent",0.808861503941762
"1181","play_memorable_unforgettable","restaurant_good_excellent",0.684977261257438
"1182","play_special_unique","restaurant_good_excellent",0.717621851909795
"1183","restaurant_bad_terrible","restaurant_good_excellent",0.505659656592756
"1184","restaurant_disliked_hated","restaurant_good_excellent",0.82640210030282
"1185","restaurant_good_excellent","restaurant_good_excellent",0.263012417323665
"1186","restaurant_liked_loved","restaurant_good_excellent",0.81919896125164
"1187","restaurant_memorable_unforgettable","restaurant_good_excellent",0.675111765118297
"1188","restaurant_special_unique","restaurant_good_excellent",0.697982770835708
"1189","album_bad_terrible","restaurant_liked_loved",0.81703778841012
"1190","album_disliked_hated","restaurant_liked_loved",0.502064107938101
"1191","album_good_excellent","restaurant_liked_loved",0.818780585020142
"1192","album_liked_loved","restaurant_liked_loved",0.358446304377151
"1193","album_memorable_unforgettable","restaurant_liked_loved",0.816698771613066
"1194","album_special_unique","restaurant_liked_loved",0.814969354275884
"1195","book_bad_terrible","restaurant_liked_loved",0.815278962870449
"1196","book_disliked_hated","restaurant_liked_loved",0.440499704617706
"1197","book_good_excellent","restaurant_liked_loved",0.812285609465669
"1198","book_liked_loved","restaurant_liked_loved",0.376192438102761
"1199","book_memorable_unforgettable","restaurant_liked_loved",0.816439942747569
"1200","book_special_unique","restaurant_liked_loved",0.815876289098911
"1201","game_bad_terrible","restaurant_liked_loved",0.811455493940788
"1202","game_disliked_hated","restaurant_liked_loved",0.492682186559651
"1203","game_good_excellent","restaurant_liked_loved",0.813345212762035
"1204","game_liked_loved","restaurant_liked_loved",0.349342427906552
"1205","game_memorable_unforgettable","restaurant_liked_loved",0.814581518892853
"1206","game_special_unique","restaurant_liked_loved",0.815292963913268
"1207","movie_bad_terrible","restaurant_liked_loved",0.797753808324125
"1208","movie_disliked_hated","restaurant_liked_loved",0.49875691862898
"1209","movie_good_excellent","restaurant_liked_loved",0.819066290218147
"1210","movie_liked_loved","restaurant_liked_loved",0.342848517432136
"1211","movie_memorable_unforgettable","restaurant_liked_loved",0.813725629104024
"1212","movie_special_unique","restaurant_liked_loved",0.813029606284464
"1213","play_bad_terrible","restaurant_liked_loved",0.810132419708784
"1214","play_disliked_hated","restaurant_liked_loved",0.472748437405008
"1215","play_good_excellent","restaurant_liked_loved",0.816027578342575
"1216","play_liked_loved","restaurant_liked_loved",0.387586123935262
"1217","play_memorable_unforgettable","restaurant_liked_loved",0.81458393894401
"1218","play_special_unique","restaurant_liked_loved",0.813187039717151
"1219","restaurant_bad_terrible","restaurant_liked_loved",0.813215679890035
"1220","restaurant_disliked_hated","restaurant_liked_loved",0.473733419219129
"1221","restaurant_good_excellent","restaurant_liked_loved",0.81919896125164
"1222","restaurant_liked_loved","restaurant_liked_loved",0.209432094734306
"1223","restaurant_memorable_unforgettable","restaurant_liked_loved",0.812144536422941
"1224","restaurant_special_unique","restaurant_liked_loved",0.810389657090902
"1225","album_bad_terrible","restaurant_memorable_unforgettable",0.709674061827283
"1226","album_disliked_hated","restaurant_memorable_unforgettable",0.814213467208217
"1227","album_good_excellent","restaurant_memorable_unforgettable",0.675301332964988
"1228","album_liked_loved","restaurant_memorable_unforgettable",0.813381899725291
"1229","album_memorable_unforgettable","restaurant_memorable_unforgettable",0.489439268166799
"1230","album_special_unique","restaurant_memorable_unforgettable",0.579221160302014
"1231","book_bad_terrible","restaurant_memorable_unforgettable",0.700494731789284
"1232","book_disliked_hated","restaurant_memorable_unforgettable",0.821969148007731
"1233","book_good_excellent","restaurant_memorable_unforgettable",0.653596624200192
"1234","book_liked_loved","restaurant_memorable_unforgettable",0.821222772189447
"1235","book_memorable_unforgettable","restaurant_memorable_unforgettable",0.485454210306944
"1236","book_special_unique","restaurant_memorable_unforgettable",0.609075907219687
"1237","game_bad_terrible","restaurant_memorable_unforgettable",0.701994247093461
"1238","game_disliked_hated","restaurant_memorable_unforgettable",0.813951144332196
"1239","game_good_excellent","restaurant_memorable_unforgettable",0.665426808131563
"1240","game_liked_loved","restaurant_memorable_unforgettable",0.8168835073048
"1241","game_memorable_unforgettable","restaurant_memorable_unforgettable",0.457605257100287
"1242","game_special_unique","restaurant_memorable_unforgettable",0.576775971200191
"1243","movie_bad_terrible","restaurant_memorable_unforgettable",0.694289716611811
"1244","movie_disliked_hated","restaurant_memorable_unforgettable",0.805218242137809
"1245","movie_good_excellent","restaurant_memorable_unforgettable",0.657196729389579
"1246","movie_liked_loved","restaurant_memorable_unforgettable",0.809591816221376
"1247","movie_memorable_unforgettable","restaurant_memorable_unforgettable",0.492270711842364
"1248","movie_special_unique","restaurant_memorable_unforgettable",0.605057598726708
"1249","play_bad_terrible","restaurant_memorable_unforgettable",0.686890092234788
"1250","play_disliked_hated","restaurant_memorable_unforgettable",0.800201545249945
"1251","play_good_excellent","restaurant_memorable_unforgettable",0.670471483832652
"1252","play_liked_loved","restaurant_memorable_unforgettable",0.809327444098998
"1253","play_memorable_unforgettable","restaurant_memorable_unforgettable",0.497056926535654
"1254","play_special_unique","restaurant_memorable_unforgettable",0.602110493891493
"1255","restaurant_bad_terrible","restaurant_memorable_unforgettable",0.700457516411324
"1256","restaurant_disliked_hated","restaurant_memorable_unforgettable",0.814598517312333
"1257","restaurant_good_excellent","restaurant_memorable_unforgettable",0.675111765118297
"1258","restaurant_liked_loved","restaurant_memorable_unforgettable",0.812144536422941
"1259","restaurant_memorable_unforgettable","restaurant_memorable_unforgettable",0.310557466009118
"1260","restaurant_special_unique","restaurant_memorable_unforgettable",0.532461839917893
"1261","album_bad_terrible","restaurant_special_unique",0.723117224844043
"1262","album_disliked_hated","restaurant_special_unique",0.814545340667594
"1263","album_good_excellent","restaurant_special_unique",0.690503416287412
"1264","album_liked_loved","restaurant_special_unique",0.815696322180205
"1265","album_memorable_unforgettable","restaurant_special_unique",0.594531392843993
"1266","album_special_unique","restaurant_special_unique",0.48573868878415
"1267","book_bad_terrible","restaurant_special_unique",0.713976603098442
"1268","book_disliked_hated","restaurant_special_unique",0.820861083268563
"1269","book_good_excellent","restaurant_special_unique",0.678096121876986
"1270","book_liked_loved","restaurant_special_unique",0.821404261548534
"1271","book_memorable_unforgettable","restaurant_special_unique",0.586483265196152
"1272","book_special_unique","restaurant_special_unique",0.516169002442791
"1273","game_bad_terrible","restaurant_special_unique",0.724652548821808
"1274","game_disliked_hated","restaurant_special_unique",0.813467704909444
"1275","game_good_excellent","restaurant_special_unique",0.679646655880902
"1276","game_liked_loved","restaurant_special_unique",0.81676553992302
"1277","game_memorable_unforgettable","restaurant_special_unique",0.544100460092333
"1278","game_special_unique","restaurant_special_unique",0.500157107258381
"1279","movie_bad_terrible","restaurant_special_unique",0.704988768234637
"1280","movie_disliked_hated","restaurant_special_unique",0.808077934325553
"1281","movie_good_excellent","restaurant_special_unique",0.679423365397604
"1282","movie_liked_loved","restaurant_special_unique",0.80854988869921
"1283","movie_memorable_unforgettable","restaurant_special_unique",0.575967958466336
"1284","movie_special_unique","restaurant_special_unique",0.541796311585411
"1285","play_bad_terrible","restaurant_special_unique",0.713252666031073
"1286","play_disliked_hated","restaurant_special_unique",0.802597942351998
"1287","play_good_excellent","restaurant_special_unique",0.693535635404071
"1288","play_liked_loved","restaurant_special_unique",0.812309522136737
"1289","play_memorable_unforgettable","restaurant_special_unique",0.596875932972587
"1290","play_special_unique","restaurant_special_unique",0.518284565470439
"1291","restaurant_bad_terrible","restaurant_special_unique",0.723881800420867
"1292","restaurant_disliked_hated","restaurant_special_unique",0.818225322510956
"1293","restaurant_good_excellent","restaurant_special_unique",0.697982770835708
"1294","restaurant_liked_loved","restaurant_special_unique",0.810389657090902
"1295","restaurant_memorable_unforgettable","restaurant_special_unique",0.532461839917893
"1296","restaurant_special_unique","restaurant_special_unique",0.324695071891163
